<?xml version="1.0" encoding="UTF-8"?>
<project-private xmlns="http://www.netbeans.org/ns/project-private/1">
    <editor-bookmarks xmlns="http://www.netbeans.org/ns/editor-bookmarks/2" lastBookmarkId="0"/>
    <open-files xmlns="http://www.netbeans.org/ns/projectui-open-files/2">
        <group>
            <file>file:/D:/SEMESTER%204/PBO/laprak%20uas/pict/SiPeTik/src/sipetik/FPegawai.java</file>
            <file>file:/D:/SEMESTER%204/PBO/laprak%20uas/pict/SiPeTik/src/sipetik/internal.java</file>
            <file>file:/D:/SEMESTER%204/PBO/laprak%20uas/pict/SiPeTik/src/eReport/LBatik.jrxml</file>
            <file>file:/D:/SEMESTER%204/PBO/laprak%20uas/pict/SiPeTik/src/sipetik/FBatik.java</file>
            <file>file:/D:/SEMESTER%204/PBO/laprak%20uas/pict/SiPeTik/src/sipetik/SiPeTik.java</file>
            <file>file:/D:/SEMESTER%204/PBO/laprak%20uas/pict/SiPeTik/src/sipetik/frame.java</file>
            <file>file:/D:/SEMESTER%204/PBO/laprak%20uas/pict/SiPeTik/src/sipetik/Login.java</file>
            <file>file:/D:/SEMESTER%204/PBO/laprak%20uas/pict/SiPeTik/src/sipetik/FTransaksi.java</file>
            <file>file:/D:/SEMESTER%204/PBO/laprak%20uas/pict/SiPeTik/src/sipetik/Masuk.java</file>
            <file>file:/D:/SEMESTER%204/PBO/laprak%20uas/pict/SiPeTik/src/sipetik/koneksi.java</file>
            <file>file:/D:/SEMESTER%204/PBO/laprak%20uas/pict/SiPeTik/src/sipetik/FPemasok.java</file>
        </group>
    </open-files>
</project-private>
